{"text":" Hello, this is a test of the text to speech system. The quick brown fox jumps over the lazy dog.","language":"en","segments":[{"id":0,"seek":0,"start":0.0,"end":3.08,"text":" Hello, this is a test of the text to speech system.","tokens":[50364,2425,11,341,307,257,1500,295,264,2487,281,6218,1185,13,50518],"temperature":0.0,"avg_logprob":-0.24654509340013778,"compression_ratio":1.0666666666666667,"no_speech_prob":0.002193339169025421},{"id":1,"seek":0,"start":3.08,"end":4.96,"text":" The quick brown fox jumps over the lazy dog.","tokens":[50518,440,1702,6292,21026,16704,670,264,14847,3000,13,50612],"temperature":0.0,"avg_logprob":-0.24654509340013778,"compression_ratio":1.0666666666666667,"no_speech_prob":0.002193339169025421}]}